"key","file","lonMin","lonMax","latMin","latMax","centerLon","centerLat"
"ETOPO_2022_v1_15s_N00E000_surface","Assets/Map/Textures/etopo15normcomp/ETOPO_2022_v1_15s_N00E000_surface.tif","0","15","-15","0","7.5","-7.5"
"ETOPO_2022_v1_15s_N00E015_surface","Assets/Map/Textures/etopo15normcomp/ETOPO_2022_v1_15s_N00E015_surface.tif","15","30","-15","0","22.5","-7.5"
"ETOPO_2022_v1_15s_N00E030_surface","Assets/Map/Textures/etopo15normcomp/ETOPO_2022_v1_15s_N00E030_surface.tif","30","45","-15","0","37.5","-7.5"
"ETOPO_2022_v1_15s_N00E045_surface","Assets/Map/Textures/etopo15normcomp/ETOPO_2022_v1_15s_N00E045_surface.tif","45","60","-15","0","52.5","-7.5"
"ETOPO_2022_v1_15s_N00E060_surface","Assets/Map/Textures/etopo15normcomp/ETOPO_2022_v1_15s_N00E060_surface.tif","60","75","-15","0","67.5","-7.5"
"ETOPO_2022_v1_15s_N00E075_surface","Assets/Map/Textures/etopo15normcomp/ETOPO_2022_v1_15s_N00E075_surface.tif","75","90","-15","0","82.5","-7.5"
"ETOPO_2022_v1_15s_N00E090_surface","Assets/Map/Textures/etopo15normcomp/ETOPO_2022_v1_15s_N00E090_surface.tif","90","105","-15","0","97.5","-7.5"
"ETOPO_2022_v1_15s_N00E105_surface","Assets/Map/Textures/etopo15normcomp/ETOPO_2022_v1_15s_N00E105_surface.tif","105","120","-15","0","112.5","-7.5"
"ETOPO_2022_v1_15s_N00E120_surface","Assets/Map/Textures/etopo15normcomp/ETOPO_2022_v1_15s_N00E120_surface.tif","120","135","-15","0","127.5","-7.5"
"ETOPO_2022_v1_15s_N00E135_surface","Assets/Map/Textures/etopo15normcomp/ETOPO_2022_v1_15s_N00E135_surface.tif","135","150","-15","0","142.5","-7.5"
"ETOPO_2022_v1_15s_N00E150_surface","Assets/Map/Textures/etopo15normcomp/ETOPO_2022_v1_15s_N00E150_surface.tif","150","165","-15","0","157.5","-7.5"
"ETOPO_2022_v1_15s_N00E165_surface","Assets/Map/Textures/etopo15normcomp/ETOPO_2022_v1_15s_N00E165_surface.tif","165","180","-15","0","172.5","-7.5"
"ETOPO_2022_v1_15s_N00W015_surface","Assets/Map/Textures/etopo15normcomp/ETOPO_2022_v1_15s_N00W015_surface.tif","-15","0","-15","0","-7.5","-7.5"
"ETOPO_2022_v1_15s_N00W030_surface","Assets/Map/Textures/etopo15normcomp/ETOPO_2022_v1_15s_N00W030_surface.tif","-30","-15","-15","0","-22.5","-7.5"
"ETOPO_2022_v1_15s_N00W045_surface","Assets/Map/Textures/etopo15normcomp/ETOPO_2022_v1_15s_N00W045_surface.tif","-45","-30","-15","0","-37.5","-7.5"
"ETOPO_2022_v1_15s_N00W060_surface","Assets/Map/Textures/etopo15normcomp/ETOPO_2022_v1_15s_N00W060_surface.tif","-60","-45","-15","0","-52.5","-7.5"
"ETOPO_2022_v1_15s_N00W075_surface","Assets/Map/Textures/etopo15normcomp/ETOPO_2022_v1_15s_N00W075_surface.tif","-75","-60","-15","0","-67.5","-7.5"
"ETOPO_2022_v1_15s_N00W090_surface","Assets/Map/Textures/etopo15normcomp/ETOPO_2022_v1_15s_N00W090_surface.tif","-90","-75","-15","0","-82.5","-7.5"
"ETOPO_2022_v1_15s_N00W105_surface","Assets/Map/Textures/etopo15normcomp/ETOPO_2022_v1_15s_N00W105_surface.tif","-105","-90","-15","0","-97.5","-7.5"
"ETOPO_2022_v1_15s_N00W120_surface","Assets/Map/Textures/etopo15normcomp/ETOPO_2022_v1_15s_N00W120_surface.tif","-120","-105","-15","0","-112.5","-7.5"
"ETOPO_2022_v1_15s_N00W135_surface","Assets/Map/Textures/etopo15normcomp/ETOPO_2022_v1_15s_N00W135_surface.tif","-135","-120","-15","0","-127.5","-7.5"
"ETOPO_2022_v1_15s_N00W150_surface","Assets/Map/Textures/etopo15normcomp/ETOPO_2022_v1_15s_N00W150_surface.tif","-150","-135","-15","0","-142.5","-7.5"
"ETOPO_2022_v1_15s_N00W165_surface","Assets/Map/Textures/etopo15normcomp/ETOPO_2022_v1_15s_N00W165_surface.tif","-165","-150","-15","0","-157.5","-7.5"
"ETOPO_2022_v1_15s_N00W180_surface","Assets/Map/Textures/etopo15normcomp/ETOPO_2022_v1_15s_N00W180_surface.tif","-180","-165","-15","0","-172.5","-7.5"
"ETOPO_2022_v1_15s_N15E000_surface","Assets/Map/Textures/etopo15normcomp/ETOPO_2022_v1_15s_N15E000_surface.tif","0","15","0","15","7.5","7.5"
"ETOPO_2022_v1_15s_N15E015_surface","Assets/Map/Textures/etopo15normcomp/ETOPO_2022_v1_15s_N15E015_surface.tif","15","30","0","15","22.5","7.5"
"ETOPO_2022_v1_15s_N15E030_surface","Assets/Map/Textures/etopo15normcomp/ETOPO_2022_v1_15s_N15E030_surface.tif","30","45","0","15","37.5","7.5"
"ETOPO_2022_v1_15s_N15E045_surface","Assets/Map/Textures/etopo15normcomp/ETOPO_2022_v1_15s_N15E045_surface.tif","45","60","0","15","52.5","7.5"
"ETOPO_2022_v1_15s_N15E060_surface","Assets/Map/Textures/etopo15normcomp/ETOPO_2022_v1_15s_N15E060_surface.tif","60","75","0","15","67.5","7.5"
"ETOPO_2022_v1_15s_N15E075_surface","Assets/Map/Textures/etopo15normcomp/ETOPO_2022_v1_15s_N15E075_surface.tif","75","90","0","15","82.5","7.5"
"ETOPO_2022_v1_15s_N15E090_surface","Assets/Map/Textures/etopo15normcomp/ETOPO_2022_v1_15s_N15E090_surface.tif","90","105","0","15","97.5","7.5"
"ETOPO_2022_v1_15s_N15E105_surface","Assets/Map/Textures/etopo15normcomp/ETOPO_2022_v1_15s_N15E105_surface.tif","105","120","0","15","112.5","7.5"
"ETOPO_2022_v1_15s_N15E120_surface","Assets/Map/Textures/etopo15normcomp/ETOPO_2022_v1_15s_N15E120_surface.tif","120","135","0","15","127.5","7.5"
"ETOPO_2022_v1_15s_N15E135_surface","Assets/Map/Textures/etopo15normcomp/ETOPO_2022_v1_15s_N15E135_surface.tif","135","150","0","15","142.5","7.5"
"ETOPO_2022_v1_15s_N15E150_surface","Assets/Map/Textures/etopo15normcomp/ETOPO_2022_v1_15s_N15E150_surface.tif","150","165","0","15","157.5","7.5"
"ETOPO_2022_v1_15s_N15E165_surface","Assets/Map/Textures/etopo15normcomp/ETOPO_2022_v1_15s_N15E165_surface.tif","165","180","0","15","172.5","7.5"
"ETOPO_2022_v1_15s_N15W015_surface","Assets/Map/Textures/etopo15normcomp/ETOPO_2022_v1_15s_N15W015_surface.tif","-15","0","0","15","-7.5","7.5"
"ETOPO_2022_v1_15s_N15W030_surface","Assets/Map/Textures/etopo15normcomp/ETOPO_2022_v1_15s_N15W030_surface.tif","-30","-15","0","15","-22.5","7.5"
"ETOPO_2022_v1_15s_N15W045_surface","Assets/Map/Textures/etopo15normcomp/ETOPO_2022_v1_15s_N15W045_surface.tif","-45","-30","0","15","-37.5","7.5"
"ETOPO_2022_v1_15s_N15W060_surface","Assets/Map/Textures/etopo15normcomp/ETOPO_2022_v1_15s_N15W060_surface.tif","-60","-45","0","15","-52.5","7.5"
"ETOPO_2022_v1_15s_N15W075_surface","Assets/Map/Textures/etopo15normcomp/ETOPO_2022_v1_15s_N15W075_surface.tif","-75","-60","0","15","-67.5","7.5"
"ETOPO_2022_v1_15s_N15W090_surface","Assets/Map/Textures/etopo15normcomp/ETOPO_2022_v1_15s_N15W090_surface.tif","-90","-75","0","15","-82.5","7.5"
"ETOPO_2022_v1_15s_N15W105_surface","Assets/Map/Textures/etopo15normcomp/ETOPO_2022_v1_15s_N15W105_surface.tif","-105","-90","0","15","-97.5","7.5"
"ETOPO_2022_v1_15s_N15W120_surface","Assets/Map/Textures/etopo15normcomp/ETOPO_2022_v1_15s_N15W120_surface.tif","-120","-105","0","15","-112.5","7.5"
"ETOPO_2022_v1_15s_N15W135_surface","Assets/Map/Textures/etopo15normcomp/ETOPO_2022_v1_15s_N15W135_surface.tif","-135","-120","0","15","-127.5","7.5"
"ETOPO_2022_v1_15s_N15W150_surface","Assets/Map/Textures/etopo15normcomp/ETOPO_2022_v1_15s_N15W150_surface.tif","-150","-135","0","15","-142.5","7.5"
"ETOPO_2022_v1_15s_N15W165_surface","Assets/Map/Textures/etopo15normcomp/ETOPO_2022_v1_15s_N15W165_surface.tif","-165","-150","0","15","-157.5","7.5"
"ETOPO_2022_v1_15s_N15W180_surface","Assets/Map/Textures/etopo15normcomp/ETOPO_2022_v1_15s_N15W180_surface.tif","-180","-165","0","15","-172.5","7.5"
"ETOPO_2022_v1_15s_N30E000_surface","Assets/Map/Textures/etopo15normcomp/ETOPO_2022_v1_15s_N30E000_surface.tif","0","15","15","30","7.5","22.5"
"ETOPO_2022_v1_15s_N30E015_surface","Assets/Map/Textures/etopo15normcomp/ETOPO_2022_v1_15s_N30E015_surface.tif","15","30","15","30","22.5","22.5"
"ETOPO_2022_v1_15s_N30E030_surface","Assets/Map/Textures/etopo15normcomp/ETOPO_2022_v1_15s_N30E030_surface.tif","30","45","15","30","37.5","22.5"
"ETOPO_2022_v1_15s_N30E045_surface","Assets/Map/Textures/etopo15normcomp/ETOPO_2022_v1_15s_N30E045_surface.tif","45","60","15","30","52.5","22.5"
"ETOPO_2022_v1_15s_N30E060_surface","Assets/Map/Textures/etopo15normcomp/ETOPO_2022_v1_15s_N30E060_surface.tif","60","75","15","30","67.5","22.5"
"ETOPO_2022_v1_15s_N30E075_surface","Assets/Map/Textures/etopo15normcomp/ETOPO_2022_v1_15s_N30E075_surface.tif","75","90","15","30","82.5","22.5"
"ETOPO_2022_v1_15s_N30E090_surface","Assets/Map/Textures/etopo15normcomp/ETOPO_2022_v1_15s_N30E090_surface.tif","90","105","15","30","97.5","22.5"
"ETOPO_2022_v1_15s_N30E105_surface","Assets/Map/Textures/etopo15normcomp/ETOPO_2022_v1_15s_N30E105_surface.tif","105","120","15","30","112.5","22.5"
"ETOPO_2022_v1_15s_N30E120_surface","Assets/Map/Textures/etopo15normcomp/ETOPO_2022_v1_15s_N30E120_surface.tif","120","135","15","30","127.5","22.5"
"ETOPO_2022_v1_15s_N30E135_surface","Assets/Map/Textures/etopo15normcomp/ETOPO_2022_v1_15s_N30E135_surface.tif","135","150","15","30","142.5","22.5"
"ETOPO_2022_v1_15s_N30E150_surface","Assets/Map/Textures/etopo15normcomp/ETOPO_2022_v1_15s_N30E150_surface.tif","150","165","15","30","157.5","22.5"
"ETOPO_2022_v1_15s_N30E165_surface","Assets/Map/Textures/etopo15normcomp/ETOPO_2022_v1_15s_N30E165_surface.tif","165","180","15","30","172.5","22.5"
"ETOPO_2022_v1_15s_N30W015_surface","Assets/Map/Textures/etopo15normcomp/ETOPO_2022_v1_15s_N30W015_surface.tif","-15","0","15","30","-7.5","22.5"
"ETOPO_2022_v1_15s_N30W030_surface","Assets/Map/Textures/etopo15normcomp/ETOPO_2022_v1_15s_N30W030_surface.tif","-30","-15","15","30","-22.5","22.5"
"ETOPO_2022_v1_15s_N30W045_surface","Assets/Map/Textures/etopo15normcomp/ETOPO_2022_v1_15s_N30W045_surface.tif","-45","-30","15","30","-37.5","22.5"
"ETOPO_2022_v1_15s_N30W060_surface","Assets/Map/Textures/etopo15normcomp/ETOPO_2022_v1_15s_N30W060_surface.tif","-60","-45","15","30","-52.5","22.5"
"ETOPO_2022_v1_15s_N30W075_surface","Assets/Map/Textures/etopo15normcomp/ETOPO_2022_v1_15s_N30W075_surface.tif","-75","-60","15","30","-67.5","22.5"
"ETOPO_2022_v1_15s_N30W090_surface","Assets/Map/Textures/etopo15normcomp/ETOPO_2022_v1_15s_N30W090_surface.tif","-90","-75","15","30","-82.5","22.5"
"ETOPO_2022_v1_15s_N30W105_surface","Assets/Map/Textures/etopo15normcomp/ETOPO_2022_v1_15s_N30W105_surface.tif","-105","-90","15","30","-97.5","22.5"
"ETOPO_2022_v1_15s_N30W120_surface","Assets/Map/Textures/etopo15normcomp/ETOPO_2022_v1_15s_N30W120_surface.tif","-120","-105","15","30","-112.5","22.5"
"ETOPO_2022_v1_15s_N30W135_surface","Assets/Map/Textures/etopo15normcomp/ETOPO_2022_v1_15s_N30W135_surface.tif","-135","-120","15","30","-127.5","22.5"
"ETOPO_2022_v1_15s_N30W150_surface","Assets/Map/Textures/etopo15normcomp/ETOPO_2022_v1_15s_N30W150_surface.tif","-150","-135","15","30","-142.5","22.5"
"ETOPO_2022_v1_15s_N30W165_surface","Assets/Map/Textures/etopo15normcomp/ETOPO_2022_v1_15s_N30W165_surface.tif","-165","-150","15","30","-157.5","22.5"
"ETOPO_2022_v1_15s_N30W180_surface","Assets/Map/Textures/etopo15normcomp/ETOPO_2022_v1_15s_N30W180_surface.tif","-180","-165","15","30","-172.5","22.5"
"ETOPO_2022_v1_15s_N45E000_surface","Assets/Map/Textures/etopo15normcomp/ETOPO_2022_v1_15s_N45E000_surface.tif","0","15","30","45","7.5","37.5"
"ETOPO_2022_v1_15s_N45E015_surface","Assets/Map/Textures/etopo15normcomp/ETOPO_2022_v1_15s_N45E015_surface.tif","15","30","30","45","22.5","37.5"
"ETOPO_2022_v1_15s_N45E030_surface","Assets/Map/Textures/etopo15normcomp/ETOPO_2022_v1_15s_N45E030_surface.tif","30","45","30","45","37.5","37.5"
"ETOPO_2022_v1_15s_N45E045_surface","Assets/Map/Textures/etopo15normcomp/ETOPO_2022_v1_15s_N45E045_surface.tif","45","60","30","45","52.5","37.5"
"ETOPO_2022_v1_15s_N45E060_surface","Assets/Map/Textures/etopo15normcomp/ETOPO_2022_v1_15s_N45E060_surface.tif","60","75","30","45","67.5","37.5"
"ETOPO_2022_v1_15s_N45E075_surface","Assets/Map/Textures/etopo15normcomp/ETOPO_2022_v1_15s_N45E075_surface.tif","75","90","30","45","82.5","37.5"
"ETOPO_2022_v1_15s_N45E090_surface","Assets/Map/Textures/etopo15normcomp/ETOPO_2022_v1_15s_N45E090_surface.tif","90","105","30","45","97.5","37.5"
"ETOPO_2022_v1_15s_N45E105_surface","Assets/Map/Textures/etopo15normcomp/ETOPO_2022_v1_15s_N45E105_surface.tif","105","120","30","45","112.5","37.5"
"ETOPO_2022_v1_15s_N45E120_surface","Assets/Map/Textures/etopo15normcomp/ETOPO_2022_v1_15s_N45E120_surface.tif","120","135","30","45","127.5","37.5"
"ETOPO_2022_v1_15s_N45E135_surface","Assets/Map/Textures/etopo15normcomp/ETOPO_2022_v1_15s_N45E135_surface.tif","135","150","30","45","142.5","37.5"
"ETOPO_2022_v1_15s_N45E150_surface","Assets/Map/Textures/etopo15normcomp/ETOPO_2022_v1_15s_N45E150_surface.tif","150","165","30","45","157.5","37.5"
"ETOPO_2022_v1_15s_N45E165_surface","Assets/Map/Textures/etopo15normcomp/ETOPO_2022_v1_15s_N45E165_surface.tif","165","180","30","45","172.5","37.5"
"ETOPO_2022_v1_15s_N45W015_surface","Assets/Map/Textures/etopo15normcomp/ETOPO_2022_v1_15s_N45W015_surface.tif","-15","0","30","45","-7.5","37.5"
"ETOPO_2022_v1_15s_N45W030_surface","Assets/Map/Textures/etopo15normcomp/ETOPO_2022_v1_15s_N45W030_surface.tif","-30","-15","30","45","-22.5","37.5"
"ETOPO_2022_v1_15s_N45W045_surface","Assets/Map/Textures/etopo15normcomp/ETOPO_2022_v1_15s_N45W045_surface.tif","-45","-30","30","45","-37.5","37.5"
"ETOPO_2022_v1_15s_N45W060_surface","Assets/Map/Textures/etopo15normcomp/ETOPO_2022_v1_15s_N45W060_surface.tif","-60","-45","30","45","-52.5","37.5"
"ETOPO_2022_v1_15s_N45W075_surface","Assets/Map/Textures/etopo15normcomp/ETOPO_2022_v1_15s_N45W075_surface.tif","-75","-60","30","45","-67.5","37.5"
"ETOPO_2022_v1_15s_N45W090_surface","Assets/Map/Textures/etopo15normcomp/ETOPO_2022_v1_15s_N45W090_surface.tif","-90","-75","30","45","-82.5","37.5"
"ETOPO_2022_v1_15s_N45W105_surface","Assets/Map/Textures/etopo15normcomp/ETOPO_2022_v1_15s_N45W105_surface.tif","-105","-90","30","45","-97.5","37.5"
"ETOPO_2022_v1_15s_N45W120_surface","Assets/Map/Textures/etopo15normcomp/ETOPO_2022_v1_15s_N45W120_surface.tif","-120","-105","30","45","-112.5","37.5"
"ETOPO_2022_v1_15s_N45W135_surface","Assets/Map/Textures/etopo15normcomp/ETOPO_2022_v1_15s_N45W135_surface.tif","-135","-120","30","45","-127.5","37.5"
"ETOPO_2022_v1_15s_N45W150_surface","Assets/Map/Textures/etopo15normcomp/ETOPO_2022_v1_15s_N45W150_surface.tif","-150","-135","30","45","-142.5","37.5"
"ETOPO_2022_v1_15s_N45W165_surface","Assets/Map/Textures/etopo15normcomp/ETOPO_2022_v1_15s_N45W165_surface.tif","-165","-150","30","45","-157.5","37.5"
"ETOPO_2022_v1_15s_N45W180_surface","Assets/Map/Textures/etopo15normcomp/ETOPO_2022_v1_15s_N45W180_surface.tif","-180","-165","30","45","-172.5","37.5"
"ETOPO_2022_v1_15s_N60E000_surface","Assets/Map/Textures/etopo15normcomp/ETOPO_2022_v1_15s_N60E000_surface.tif","0","15","45","60","7.5","52.5"
"ETOPO_2022_v1_15s_N60E015_surface","Assets/Map/Textures/etopo15normcomp/ETOPO_2022_v1_15s_N60E015_surface.tif","15","30","45","60","22.5","52.5"
"ETOPO_2022_v1_15s_N60E030_surface","Assets/Map/Textures/etopo15normcomp/ETOPO_2022_v1_15s_N60E030_surface.tif","30","45","45","60","37.5","52.5"
"ETOPO_2022_v1_15s_N60E045_surface","Assets/Map/Textures/etopo15normcomp/ETOPO_2022_v1_15s_N60E045_surface.tif","45","60","45","60","52.5","52.5"
"ETOPO_2022_v1_15s_N60E060_surface","Assets/Map/Textures/etopo15normcomp/ETOPO_2022_v1_15s_N60E060_surface.tif","60","75","45","60","67.5","52.5"
"ETOPO_2022_v1_15s_N60E075_surface","Assets/Map/Textures/etopo15normcomp/ETOPO_2022_v1_15s_N60E075_surface.tif","75","90","45","60","82.5","52.5"
"ETOPO_2022_v1_15s_N60E090_surface","Assets/Map/Textures/etopo15normcomp/ETOPO_2022_v1_15s_N60E090_surface.tif","90","105","45","60","97.5","52.5"
"ETOPO_2022_v1_15s_N60E105_surface","Assets/Map/Textures/etopo15normcomp/ETOPO_2022_v1_15s_N60E105_surface.tif","105","120","45","60","112.5","52.5"
"ETOPO_2022_v1_15s_N60E120_surface","Assets/Map/Textures/etopo15normcomp/ETOPO_2022_v1_15s_N60E120_surface.tif","120","135","45","60","127.5","52.5"
"ETOPO_2022_v1_15s_N60E135_surface","Assets/Map/Textures/etopo15normcomp/ETOPO_2022_v1_15s_N60E135_surface.tif","135","150","45","60","142.5","52.5"
"ETOPO_2022_v1_15s_N60E150_surface","Assets/Map/Textures/etopo15normcomp/ETOPO_2022_v1_15s_N60E150_surface.tif","150","165","45","60","157.5","52.5"
"ETOPO_2022_v1_15s_N60E165_surface","Assets/Map/Textures/etopo15normcomp/ETOPO_2022_v1_15s_N60E165_surface.tif","165","180","45","60","172.5","52.5"
"ETOPO_2022_v1_15s_N60W015_surface","Assets/Map/Textures/etopo15normcomp/ETOPO_2022_v1_15s_N60W015_surface.tif","-15","0","45","60","-7.5","52.5"
"ETOPO_2022_v1_15s_N60W030_surface","Assets/Map/Textures/etopo15normcomp/ETOPO_2022_v1_15s_N60W030_surface.tif","-30","-15","45","60","-22.5","52.5"
"ETOPO_2022_v1_15s_N60W045_surface","Assets/Map/Textures/etopo15normcomp/ETOPO_2022_v1_15s_N60W045_surface.tif","-45","-30","45","60","-37.5","52.5"
"ETOPO_2022_v1_15s_N60W060_surface","Assets/Map/Textures/etopo15normcomp/ETOPO_2022_v1_15s_N60W060_surface.tif","-60","-45","45","60","-52.5","52.5"
"ETOPO_2022_v1_15s_N60W075_surface","Assets/Map/Textures/etopo15normcomp/ETOPO_2022_v1_15s_N60W075_surface.tif","-75","-60","45","60","-67.5","52.5"
"ETOPO_2022_v1_15s_N60W090_surface","Assets/Map/Textures/etopo15normcomp/ETOPO_2022_v1_15s_N60W090_surface.tif","-90","-75","45","60","-82.5","52.5"
"ETOPO_2022_v1_15s_N60W105_surface","Assets/Map/Textures/etopo15normcomp/ETOPO_2022_v1_15s_N60W105_surface.tif","-105","-90","45","60","-97.5","52.5"
"ETOPO_2022_v1_15s_N60W120_surface","Assets/Map/Textures/etopo15normcomp/ETOPO_2022_v1_15s_N60W120_surface.tif","-120","-105","45","60","-112.5","52.5"
"ETOPO_2022_v1_15s_N60W135_surface","Assets/Map/Textures/etopo15normcomp/ETOPO_2022_v1_15s_N60W135_surface.tif","-135","-120","45","60","-127.5","52.5"
"ETOPO_2022_v1_15s_N60W150_surface","Assets/Map/Textures/etopo15normcomp/ETOPO_2022_v1_15s_N60W150_surface.tif","-150","-135","45","60","-142.5","52.5"
"ETOPO_2022_v1_15s_N60W165_surface","Assets/Map/Textures/etopo15normcomp/ETOPO_2022_v1_15s_N60W165_surface.tif","-165","-150","45","60","-157.5","52.5"
"ETOPO_2022_v1_15s_N60W180_surface","Assets/Map/Textures/etopo15normcomp/ETOPO_2022_v1_15s_N60W180_surface.tif","-180","-165","45","60","-172.5","52.5"
"ETOPO_2022_v1_15s_N75E000_surface","Assets/Map/Textures/etopo15normcomp/ETOPO_2022_v1_15s_N75E000_surface.tif","0","15","60","75","7.5","67.5"
"ETOPO_2022_v1_15s_N75E015_surface","Assets/Map/Textures/etopo15normcomp/ETOPO_2022_v1_15s_N75E015_surface.tif","15","30","60","75","22.5","67.5"
"ETOPO_2022_v1_15s_N75E030_surface","Assets/Map/Textures/etopo15normcomp/ETOPO_2022_v1_15s_N75E030_surface.tif","30","45","60","75","37.5","67.5"
"ETOPO_2022_v1_15s_N75E045_surface","Assets/Map/Textures/etopo15normcomp/ETOPO_2022_v1_15s_N75E045_surface.tif","45","60","60","75","52.5","67.5"
"ETOPO_2022_v1_15s_N75E060_surface","Assets/Map/Textures/etopo15normcomp/ETOPO_2022_v1_15s_N75E060_surface.tif","60","75","60","75","67.5","67.5"
"ETOPO_2022_v1_15s_N75E075_surface","Assets/Map/Textures/etopo15normcomp/ETOPO_2022_v1_15s_N75E075_surface.tif","75","90","60","75","82.5","67.5"
"ETOPO_2022_v1_15s_N75E090_surface","Assets/Map/Textures/etopo15normcomp/ETOPO_2022_v1_15s_N75E090_surface.tif","90","105","60","75","97.5","67.5"
"ETOPO_2022_v1_15s_N75E105_surface","Assets/Map/Textures/etopo15normcomp/ETOPO_2022_v1_15s_N75E105_surface.tif","105","120","60","75","112.5","67.5"
"ETOPO_2022_v1_15s_N75E120_surface","Assets/Map/Textures/etopo15normcomp/ETOPO_2022_v1_15s_N75E120_surface.tif","120","135","60","75","127.5","67.5"
"ETOPO_2022_v1_15s_N75E135_surface","Assets/Map/Textures/etopo15normcomp/ETOPO_2022_v1_15s_N75E135_surface.tif","135","150","60","75","142.5","67.5"
"ETOPO_2022_v1_15s_N75E150_surface","Assets/Map/Textures/etopo15normcomp/ETOPO_2022_v1_15s_N75E150_surface.tif","150","165","60","75","157.5","67.5"
"ETOPO_2022_v1_15s_N75E165_surface","Assets/Map/Textures/etopo15normcomp/ETOPO_2022_v1_15s_N75E165_surface.tif","165","180","60","75","172.5","67.5"
"ETOPO_2022_v1_15s_N75W015_surface","Assets/Map/Textures/etopo15normcomp/ETOPO_2022_v1_15s_N75W015_surface.tif","-15","0","60","75","-7.5","67.5"
"ETOPO_2022_v1_15s_N75W030_surface","Assets/Map/Textures/etopo15normcomp/ETOPO_2022_v1_15s_N75W030_surface.tif","-30","-15","60","75","-22.5","67.5"
"ETOPO_2022_v1_15s_N75W045_surface","Assets/Map/Textures/etopo15normcomp/ETOPO_2022_v1_15s_N75W045_surface.tif","-45","-30","60","75","-37.5","67.5"
"ETOPO_2022_v1_15s_N75W060_surface","Assets/Map/Textures/etopo15normcomp/ETOPO_2022_v1_15s_N75W060_surface.tif","-60","-45","60","75","-52.5","67.5"
"ETOPO_2022_v1_15s_N75W075_surface","Assets/Map/Textures/etopo15normcomp/ETOPO_2022_v1_15s_N75W075_surface.tif","-75","-60","60","75","-67.5","67.5"
"ETOPO_2022_v1_15s_N75W090_surface","Assets/Map/Textures/etopo15normcomp/ETOPO_2022_v1_15s_N75W090_surface.tif","-90","-75","60","75","-82.5","67.5"
"ETOPO_2022_v1_15s_N75W105_surface","Assets/Map/Textures/etopo15normcomp/ETOPO_2022_v1_15s_N75W105_surface.tif","-105","-90","60","75","-97.5","67.5"
"ETOPO_2022_v1_15s_N75W120_surface","Assets/Map/Textures/etopo15normcomp/ETOPO_2022_v1_15s_N75W120_surface.tif","-120","-105","60","75","-112.5","67.5"
"ETOPO_2022_v1_15s_N75W135_surface","Assets/Map/Textures/etopo15normcomp/ETOPO_2022_v1_15s_N75W135_surface.tif","-135","-120","60","75","-127.5","67.5"
"ETOPO_2022_v1_15s_N75W150_surface","Assets/Map/Textures/etopo15normcomp/ETOPO_2022_v1_15s_N75W150_surface.tif","-150","-135","60","75","-142.5","67.5"
"ETOPO_2022_v1_15s_N75W165_surface","Assets/Map/Textures/etopo15normcomp/ETOPO_2022_v1_15s_N75W165_surface.tif","-165","-150","60","75","-157.5","67.5"
"ETOPO_2022_v1_15s_N75W180_surface","Assets/Map/Textures/etopo15normcomp/ETOPO_2022_v1_15s_N75W180_surface.tif","-180","-165","60","75","-172.5","67.5"
"ETOPO_2022_v1_15s_N90E000_surface","Assets/Map/Textures/etopo15normcomp/ETOPO_2022_v1_15s_N90E000_surface.tif","0","15","75","90","7.5","82.5"
"ETOPO_2022_v1_15s_N90E015_surface","Assets/Map/Textures/etopo15normcomp/ETOPO_2022_v1_15s_N90E015_surface.tif","15","30","75","90","22.5","82.5"
"ETOPO_2022_v1_15s_N90E030_surface","Assets/Map/Textures/etopo15normcomp/ETOPO_2022_v1_15s_N90E030_surface.tif","30","45","75","90","37.5","82.5"
"ETOPO_2022_v1_15s_N90E045_surface","Assets/Map/Textures/etopo15normcomp/ETOPO_2022_v1_15s_N90E045_surface.tif","45","60","75","90","52.5","82.5"
"ETOPO_2022_v1_15s_N90E060_surface","Assets/Map/Textures/etopo15normcomp/ETOPO_2022_v1_15s_N90E060_surface.tif","60","75","75","90","67.5","82.5"
"ETOPO_2022_v1_15s_N90E075_surface","Assets/Map/Textures/etopo15normcomp/ETOPO_2022_v1_15s_N90E075_surface.tif","75","90","75","90","82.5","82.5"
"ETOPO_2022_v1_15s_N90E090_surface","Assets/Map/Textures/etopo15normcomp/ETOPO_2022_v1_15s_N90E090_surface.tif","90","105","75","90","97.5","82.5"
"ETOPO_2022_v1_15s_N90E105_surface","Assets/Map/Textures/etopo15normcomp/ETOPO_2022_v1_15s_N90E105_surface.tif","105","120","75","90","112.5","82.5"
"ETOPO_2022_v1_15s_N90E120_surface","Assets/Map/Textures/etopo15normcomp/ETOPO_2022_v1_15s_N90E120_surface.tif","120","135","75","90","127.5","82.5"
"ETOPO_2022_v1_15s_N90E135_surface","Assets/Map/Textures/etopo15normcomp/ETOPO_2022_v1_15s_N90E135_surface.tif","135","150","75","90","142.5","82.5"
"ETOPO_2022_v1_15s_N90E150_surface","Assets/Map/Textures/etopo15normcomp/ETOPO_2022_v1_15s_N90E150_surface.tif","150","165","75","90","157.5","82.5"
"ETOPO_2022_v1_15s_N90E165_surface","Assets/Map/Textures/etopo15normcomp/ETOPO_2022_v1_15s_N90E165_surface.tif","165","180","75","90","172.5","82.5"
"ETOPO_2022_v1_15s_N90W015_surface","Assets/Map/Textures/etopo15normcomp/ETOPO_2022_v1_15s_N90W015_surface.tif","-15","0","75","90","-7.5","82.5"
"ETOPO_2022_v1_15s_N90W030_surface","Assets/Map/Textures/etopo15normcomp/ETOPO_2022_v1_15s_N90W030_surface.tif","-30","-15","75","90","-22.5","82.5"
"ETOPO_2022_v1_15s_N90W045_surface","Assets/Map/Textures/etopo15normcomp/ETOPO_2022_v1_15s_N90W045_surface.tif","-45","-30","75","90","-37.5","82.5"
"ETOPO_2022_v1_15s_N90W060_surface","Assets/Map/Textures/etopo15normcomp/ETOPO_2022_v1_15s_N90W060_surface.tif","-60","-45","75","90","-52.5","82.5"
"ETOPO_2022_v1_15s_N90W075_surface","Assets/Map/Textures/etopo15normcomp/ETOPO_2022_v1_15s_N90W075_surface.tif","-75","-60","75","90","-67.5","82.5"
"ETOPO_2022_v1_15s_N90W090_surface","Assets/Map/Textures/etopo15normcomp/ETOPO_2022_v1_15s_N90W090_surface.tif","-90","-75","75","90","-82.5","82.5"
"ETOPO_2022_v1_15s_N90W105_surface","Assets/Map/Textures/etopo15normcomp/ETOPO_2022_v1_15s_N90W105_surface.tif","-105","-90","75","90","-97.5","82.5"
"ETOPO_2022_v1_15s_N90W120_surface","Assets/Map/Textures/etopo15normcomp/ETOPO_2022_v1_15s_N90W120_surface.tif","-120","-105","75","90","-112.5","82.5"
"ETOPO_2022_v1_15s_N90W135_surface","Assets/Map/Textures/etopo15normcomp/ETOPO_2022_v1_15s_N90W135_surface.tif","-135","-120","75","90","-127.5","82.5"
"ETOPO_2022_v1_15s_N90W150_surface","Assets/Map/Textures/etopo15normcomp/ETOPO_2022_v1_15s_N90W150_surface.tif","-150","-135","75","90","-142.5","82.5"
"ETOPO_2022_v1_15s_N90W165_surface","Assets/Map/Textures/etopo15normcomp/ETOPO_2022_v1_15s_N90W165_surface.tif","-165","-150","75","90","-157.5","82.5"
"ETOPO_2022_v1_15s_N90W180_surface","Assets/Map/Textures/etopo15normcomp/ETOPO_2022_v1_15s_N90W180_surface.tif","-180","-165","75","90","-172.5","82.5"
"ETOPO_2022_v1_15s_S15E000_surface","Assets/Map/Textures/etopo15normcomp/ETOPO_2022_v1_15s_S15E000_surface.tif","0","15","-30","-15","7.5","-22.5"
"ETOPO_2022_v1_15s_S15E015_surface","Assets/Map/Textures/etopo15normcomp/ETOPO_2022_v1_15s_S15E015_surface.tif","15","30","-30","-15","22.5","-22.5"
"ETOPO_2022_v1_15s_S15E030_surface","Assets/Map/Textures/etopo15normcomp/ETOPO_2022_v1_15s_S15E030_surface.tif","30","45","-30","-15","37.5","-22.5"
"ETOPO_2022_v1_15s_S15E045_surface","Assets/Map/Textures/etopo15normcomp/ETOPO_2022_v1_15s_S15E045_surface.tif","45","60","-30","-15","52.5","-22.5"
"ETOPO_2022_v1_15s_S15E060_surface","Assets/Map/Textures/etopo15normcomp/ETOPO_2022_v1_15s_S15E060_surface.tif","60","75","-30","-15","67.5","-22.5"
"ETOPO_2022_v1_15s_S15E075_surface","Assets/Map/Textures/etopo15normcomp/ETOPO_2022_v1_15s_S15E075_surface.tif","75","90","-30","-15","82.5","-22.5"
"ETOPO_2022_v1_15s_S15E090_surface","Assets/Map/Textures/etopo15normcomp/ETOPO_2022_v1_15s_S15E090_surface.tif","90","105","-30","-15","97.5","-22.5"
"ETOPO_2022_v1_15s_S15E105_surface","Assets/Map/Textures/etopo15normcomp/ETOPO_2022_v1_15s_S15E105_surface.tif","105","120","-30","-15","112.5","-22.5"
"ETOPO_2022_v1_15s_S15E120_surface","Assets/Map/Textures/etopo15normcomp/ETOPO_2022_v1_15s_S15E120_surface.tif","120","135","-30","-15","127.5","-22.5"
"ETOPO_2022_v1_15s_S15E135_surface","Assets/Map/Textures/etopo15normcomp/ETOPO_2022_v1_15s_S15E135_surface.tif","135","150","-30","-15","142.5","-22.5"
"ETOPO_2022_v1_15s_S15E150_surface","Assets/Map/Textures/etopo15normcomp/ETOPO_2022_v1_15s_S15E150_surface.tif","150","165","-30","-15","157.5","-22.5"
"ETOPO_2022_v1_15s_S15E165_surface","Assets/Map/Textures/etopo15normcomp/ETOPO_2022_v1_15s_S15E165_surface.tif","165","180","-30","-15","172.5","-22.5"
"ETOPO_2022_v1_15s_S15W015_surface","Assets/Map/Textures/etopo15normcomp/ETOPO_2022_v1_15s_S15W015_surface.tif","-15","0","-30","-15","-7.5","-22.5"
"ETOPO_2022_v1_15s_S15W030_surface","Assets/Map/Textures/etopo15normcomp/ETOPO_2022_v1_15s_S15W030_surface.tif","-30","-15","-30","-15","-22.5","-22.5"
"ETOPO_2022_v1_15s_S15W045_surface","Assets/Map/Textures/etopo15normcomp/ETOPO_2022_v1_15s_S15W045_surface.tif","-45","-30","-30","-15","-37.5","-22.5"
"ETOPO_2022_v1_15s_S15W060_surface","Assets/Map/Textures/etopo15normcomp/ETOPO_2022_v1_15s_S15W060_surface.tif","-60","-45","-30","-15","-52.5","-22.5"
"ETOPO_2022_v1_15s_S15W075_surface","Assets/Map/Textures/etopo15normcomp/ETOPO_2022_v1_15s_S15W075_surface.tif","-75","-60","-30","-15","-67.5","-22.5"
"ETOPO_2022_v1_15s_S15W090_surface","Assets/Map/Textures/etopo15normcomp/ETOPO_2022_v1_15s_S15W090_surface.tif","-90","-75","-30","-15","-82.5","-22.5"
"ETOPO_2022_v1_15s_S15W105_surface","Assets/Map/Textures/etopo15normcomp/ETOPO_2022_v1_15s_S15W105_surface.tif","-105","-90","-30","-15","-97.5","-22.5"
"ETOPO_2022_v1_15s_S15W120_surface","Assets/Map/Textures/etopo15normcomp/ETOPO_2022_v1_15s_S15W120_surface.tif","-120","-105","-30","-15","-112.5","-22.5"
"ETOPO_2022_v1_15s_S15W135_surface","Assets/Map/Textures/etopo15normcomp/ETOPO_2022_v1_15s_S15W135_surface.tif","-135","-120","-30","-15","-127.5","-22.5"
"ETOPO_2022_v1_15s_S15W150_surface","Assets/Map/Textures/etopo15normcomp/ETOPO_2022_v1_15s_S15W150_surface.tif","-150","-135","-30","-15","-142.5","-22.5"
"ETOPO_2022_v1_15s_S15W165_surface","Assets/Map/Textures/etopo15normcomp/ETOPO_2022_v1_15s_S15W165_surface.tif","-165","-150","-30","-15","-157.5","-22.5"
"ETOPO_2022_v1_15s_S15W180_surface","Assets/Map/Textures/etopo15normcomp/ETOPO_2022_v1_15s_S15W180_surface.tif","-180","-165","-30","-15","-172.5","-22.5"
"ETOPO_2022_v1_15s_S30E000_surface","Assets/Map/Textures/etopo15normcomp/ETOPO_2022_v1_15s_S30E000_surface.tif","0","15","-45","-30","7.5","-37.5"
"ETOPO_2022_v1_15s_S30E015_surface","Assets/Map/Textures/etopo15normcomp/ETOPO_2022_v1_15s_S30E015_surface.tif","15","30","-45","-30","22.5","-37.5"
"ETOPO_2022_v1_15s_S30E030_surface","Assets/Map/Textures/etopo15normcomp/ETOPO_2022_v1_15s_S30E030_surface.tif","30","45","-45","-30","37.5","-37.5"
"ETOPO_2022_v1_15s_S30E045_surface","Assets/Map/Textures/etopo15normcomp/ETOPO_2022_v1_15s_S30E045_surface.tif","45","60","-45","-30","52.5","-37.5"
"ETOPO_2022_v1_15s_S30E060_surface","Assets/Map/Textures/etopo15normcomp/ETOPO_2022_v1_15s_S30E060_surface.tif","60","75","-45","-30","67.5","-37.5"
"ETOPO_2022_v1_15s_S30E075_surface","Assets/Map/Textures/etopo15normcomp/ETOPO_2022_v1_15s_S30E075_surface.tif","75","90","-45","-30","82.5","-37.5"
"ETOPO_2022_v1_15s_S30E090_surface","Assets/Map/Textures/etopo15normcomp/ETOPO_2022_v1_15s_S30E090_surface.tif","90","105","-45","-30","97.5","-37.5"
"ETOPO_2022_v1_15s_S30E105_surface","Assets/Map/Textures/etopo15normcomp/ETOPO_2022_v1_15s_S30E105_surface.tif","105","120","-45","-30","112.5","-37.5"
"ETOPO_2022_v1_15s_S30E120_surface","Assets/Map/Textures/etopo15normcomp/ETOPO_2022_v1_15s_S30E120_surface.tif","120","135","-45","-30","127.5","-37.5"
"ETOPO_2022_v1_15s_S30E135_surface","Assets/Map/Textures/etopo15normcomp/ETOPO_2022_v1_15s_S30E135_surface.tif","135","150","-45","-30","142.5","-37.5"
"ETOPO_2022_v1_15s_S30E150_surface","Assets/Map/Textures/etopo15normcomp/ETOPO_2022_v1_15s_S30E150_surface.tif","150","165","-45","-30","157.5","-37.5"
"ETOPO_2022_v1_15s_S30E165_surface","Assets/Map/Textures/etopo15normcomp/ETOPO_2022_v1_15s_S30E165_surface.tif","165","180","-45","-30","172.5","-37.5"
"ETOPO_2022_v1_15s_S30W015_surface","Assets/Map/Textures/etopo15normcomp/ETOPO_2022_v1_15s_S30W015_surface.tif","-15","0","-45","-30","-7.5","-37.5"
"ETOPO_2022_v1_15s_S30W030_surface","Assets/Map/Textures/etopo15normcomp/ETOPO_2022_v1_15s_S30W030_surface.tif","-30","-15","-45","-30","-22.5","-37.5"
"ETOPO_2022_v1_15s_S30W045_surface","Assets/Map/Textures/etopo15normcomp/ETOPO_2022_v1_15s_S30W045_surface.tif","-45","-30","-45","-30","-37.5","-37.5"
"ETOPO_2022_v1_15s_S30W060_surface","Assets/Map/Textures/etopo15normcomp/ETOPO_2022_v1_15s_S30W060_surface.tif","-60","-45","-45","-30","-52.5","-37.5"
"ETOPO_2022_v1_15s_S30W075_surface","Assets/Map/Textures/etopo15normcomp/ETOPO_2022_v1_15s_S30W075_surface.tif","-75","-60","-45","-30","-67.5","-37.5"
"ETOPO_2022_v1_15s_S30W090_surface","Assets/Map/Textures/etopo15normcomp/ETOPO_2022_v1_15s_S30W090_surface.tif","-90","-75","-45","-30","-82.5","-37.5"
"ETOPO_2022_v1_15s_S30W105_surface","Assets/Map/Textures/etopo15normcomp/ETOPO_2022_v1_15s_S30W105_surface.tif","-105","-90","-45","-30","-97.5","-37.5"
"ETOPO_2022_v1_15s_S30W120_surface","Assets/Map/Textures/etopo15normcomp/ETOPO_2022_v1_15s_S30W120_surface.tif","-120","-105","-45","-30","-112.5","-37.5"
"ETOPO_2022_v1_15s_S30W135_surface","Assets/Map/Textures/etopo15normcomp/ETOPO_2022_v1_15s_S30W135_surface.tif","-135","-120","-45","-30","-127.5","-37.5"
"ETOPO_2022_v1_15s_S30W150_surface","Assets/Map/Textures/etopo15normcomp/ETOPO_2022_v1_15s_S30W150_surface.tif","-150","-135","-45","-30","-142.5","-37.5"
"ETOPO_2022_v1_15s_S30W165_surface","Assets/Map/Textures/etopo15normcomp/ETOPO_2022_v1_15s_S30W165_surface.tif","-165","-150","-45","-30","-157.5","-37.5"
"ETOPO_2022_v1_15s_S30W180_surface","Assets/Map/Textures/etopo15normcomp/ETOPO_2022_v1_15s_S30W180_surface.tif","-180","-165","-45","-30","-172.5","-37.5"
"ETOPO_2022_v1_15s_S45E000_surface","Assets/Map/Textures/etopo15normcomp/ETOPO_2022_v1_15s_S45E000_surface.tif","0","15","-60","-45","7.5","-52.5"
"ETOPO_2022_v1_15s_S45E015_surface","Assets/Map/Textures/etopo15normcomp/ETOPO_2022_v1_15s_S45E015_surface.tif","15","30","-60","-45","22.5","-52.5"
"ETOPO_2022_v1_15s_S45E030_surface","Assets/Map/Textures/etopo15normcomp/ETOPO_2022_v1_15s_S45E030_surface.tif","30","45","-60","-45","37.5","-52.5"
"ETOPO_2022_v1_15s_S45E045_surface","Assets/Map/Textures/etopo15normcomp/ETOPO_2022_v1_15s_S45E045_surface.tif","45","60","-60","-45","52.5","-52.5"
"ETOPO_2022_v1_15s_S45E060_surface","Assets/Map/Textures/etopo15normcomp/ETOPO_2022_v1_15s_S45E060_surface.tif","60","75","-60","-45","67.5","-52.5"
"ETOPO_2022_v1_15s_S45E075_surface","Assets/Map/Textures/etopo15normcomp/ETOPO_2022_v1_15s_S45E075_surface.tif","75","90","-60","-45","82.5","-52.5"
"ETOPO_2022_v1_15s_S45E090_surface","Assets/Map/Textures/etopo15normcomp/ETOPO_2022_v1_15s_S45E090_surface.tif","90","105","-60","-45","97.5","-52.5"
"ETOPO_2022_v1_15s_S45E105_surface","Assets/Map/Textures/etopo15normcomp/ETOPO_2022_v1_15s_S45E105_surface.tif","105","120","-60","-45","112.5","-52.5"
"ETOPO_2022_v1_15s_S45E120_surface","Assets/Map/Textures/etopo15normcomp/ETOPO_2022_v1_15s_S45E120_surface.tif","120","135","-60","-45","127.5","-52.5"
"ETOPO_2022_v1_15s_S45E135_surface","Assets/Map/Textures/etopo15normcomp/ETOPO_2022_v1_15s_S45E135_surface.tif","135","150","-60","-45","142.5","-52.5"
"ETOPO_2022_v1_15s_S45E150_surface","Assets/Map/Textures/etopo15normcomp/ETOPO_2022_v1_15s_S45E150_surface.tif","150","165","-60","-45","157.5","-52.5"
"ETOPO_2022_v1_15s_S45E165_surface","Assets/Map/Textures/etopo15normcomp/ETOPO_2022_v1_15s_S45E165_surface.tif","165","180","-60","-45","172.5","-52.5"
"ETOPO_2022_v1_15s_S45W015_surface","Assets/Map/Textures/etopo15normcomp/ETOPO_2022_v1_15s_S45W015_surface.tif","-15","0","-60","-45","-7.5","-52.5"
"ETOPO_2022_v1_15s_S45W030_surface","Assets/Map/Textures/etopo15normcomp/ETOPO_2022_v1_15s_S45W030_surface.tif","-30","-15","-60","-45","-22.5","-52.5"
"ETOPO_2022_v1_15s_S45W045_surface","Assets/Map/Textures/etopo15normcomp/ETOPO_2022_v1_15s_S45W045_surface.tif","-45","-30","-60","-45","-37.5","-52.5"
"ETOPO_2022_v1_15s_S45W060_surface","Assets/Map/Textures/etopo15normcomp/ETOPO_2022_v1_15s_S45W060_surface.tif","-60","-45","-60","-45","-52.5","-52.5"
"ETOPO_2022_v1_15s_S45W075_surface","Assets/Map/Textures/etopo15normcomp/ETOPO_2022_v1_15s_S45W075_surface.tif","-75","-60","-60","-45","-67.5","-52.5"
"ETOPO_2022_v1_15s_S45W090_surface","Assets/Map/Textures/etopo15normcomp/ETOPO_2022_v1_15s_S45W090_surface.tif","-90","-75","-60","-45","-82.5","-52.5"
"ETOPO_2022_v1_15s_S45W105_surface","Assets/Map/Textures/etopo15normcomp/ETOPO_2022_v1_15s_S45W105_surface.tif","-105","-90","-60","-45","-97.5","-52.5"
"ETOPO_2022_v1_15s_S45W120_surface","Assets/Map/Textures/etopo15normcomp/ETOPO_2022_v1_15s_S45W120_surface.tif","-120","-105","-60","-45","-112.5","-52.5"
"ETOPO_2022_v1_15s_S45W135_surface","Assets/Map/Textures/etopo15normcomp/ETOPO_2022_v1_15s_S45W135_surface.tif","-135","-120","-60","-45","-127.5","-52.5"
"ETOPO_2022_v1_15s_S45W150_surface","Assets/Map/Textures/etopo15normcomp/ETOPO_2022_v1_15s_S45W150_surface.tif","-150","-135","-60","-45","-142.5","-52.5"
"ETOPO_2022_v1_15s_S45W165_surface","Assets/Map/Textures/etopo15normcomp/ETOPO_2022_v1_15s_S45W165_surface.tif","-165","-150","-60","-45","-157.5","-52.5"
"ETOPO_2022_v1_15s_S45W180_surface","Assets/Map/Textures/etopo15normcomp/ETOPO_2022_v1_15s_S45W180_surface.tif","-180","-165","-60","-45","-172.5","-52.5"
"ETOPO_2022_v1_15s_S60E000_surface","Assets/Map/Textures/etopo15normcomp/ETOPO_2022_v1_15s_S60E000_surface.tif","0","15","-75","-60","7.5","-67.5"
"ETOPO_2022_v1_15s_S60E015_surface","Assets/Map/Textures/etopo15normcomp/ETOPO_2022_v1_15s_S60E015_surface.tif","15","30","-75","-60","22.5","-67.5"
"ETOPO_2022_v1_15s_S60E030_surface","Assets/Map/Textures/etopo15normcomp/ETOPO_2022_v1_15s_S60E030_surface.tif","30","45","-75","-60","37.5","-67.5"
"ETOPO_2022_v1_15s_S60E045_surface","Assets/Map/Textures/etopo15normcomp/ETOPO_2022_v1_15s_S60E045_surface.tif","45","60","-75","-60","52.5","-67.5"
"ETOPO_2022_v1_15s_S60E060_surface","Assets/Map/Textures/etopo15normcomp/ETOPO_2022_v1_15s_S60E060_surface.tif","60","75","-75","-60","67.5","-67.5"
"ETOPO_2022_v1_15s_S60E075_surface","Assets/Map/Textures/etopo15normcomp/ETOPO_2022_v1_15s_S60E075_surface.tif","75","90","-75","-60","82.5","-67.5"
"ETOPO_2022_v1_15s_S60E090_surface","Assets/Map/Textures/etopo15normcomp/ETOPO_2022_v1_15s_S60E090_surface.tif","90","105","-75","-60","97.5","-67.5"
"ETOPO_2022_v1_15s_S60E105_surface","Assets/Map/Textures/etopo15normcomp/ETOPO_2022_v1_15s_S60E105_surface.tif","105","120","-75","-60","112.5","-67.5"
"ETOPO_2022_v1_15s_S60E120_surface","Assets/Map/Textures/etopo15normcomp/ETOPO_2022_v1_15s_S60E120_surface.tif","120","135","-75","-60","127.5","-67.5"
"ETOPO_2022_v1_15s_S60E135_surface","Assets/Map/Textures/etopo15normcomp/ETOPO_2022_v1_15s_S60E135_surface.tif","135","150","-75","-60","142.5","-67.5"
"ETOPO_2022_v1_15s_S60E150_surface","Assets/Map/Textures/etopo15normcomp/ETOPO_2022_v1_15s_S60E150_surface.tif","150","165","-75","-60","157.5","-67.5"
"ETOPO_2022_v1_15s_S60E165_surface","Assets/Map/Textures/etopo15normcomp/ETOPO_2022_v1_15s_S60E165_surface.tif","165","180","-75","-60","172.5","-67.5"
"ETOPO_2022_v1_15s_S60W015_surface","Assets/Map/Textures/etopo15normcomp/ETOPO_2022_v1_15s_S60W015_surface.tif","-15","0","-75","-60","-7.5","-67.5"
"ETOPO_2022_v1_15s_S60W030_surface","Assets/Map/Textures/etopo15normcomp/ETOPO_2022_v1_15s_S60W030_surface.tif","-30","-15","-75","-60","-22.5","-67.5"
"ETOPO_2022_v1_15s_S60W045_surface","Assets/Map/Textures/etopo15normcomp/ETOPO_2022_v1_15s_S60W045_surface.tif","-45","-30","-75","-60","-37.5","-67.5"
"ETOPO_2022_v1_15s_S60W060_surface","Assets/Map/Textures/etopo15normcomp/ETOPO_2022_v1_15s_S60W060_surface.tif","-60","-45","-75","-60","-52.5","-67.5"
"ETOPO_2022_v1_15s_S60W075_surface","Assets/Map/Textures/etopo15normcomp/ETOPO_2022_v1_15s_S60W075_surface.tif","-75","-60","-75","-60","-67.5","-67.5"
"ETOPO_2022_v1_15s_S60W090_surface","Assets/Map/Textures/etopo15normcomp/ETOPO_2022_v1_15s_S60W090_surface.tif","-90","-75","-75","-60","-82.5","-67.5"
"ETOPO_2022_v1_15s_S60W105_surface","Assets/Map/Textures/etopo15normcomp/ETOPO_2022_v1_15s_S60W105_surface.tif","-105","-90","-75","-60","-97.5","-67.5"
"ETOPO_2022_v1_15s_S60W120_surface","Assets/Map/Textures/etopo15normcomp/ETOPO_2022_v1_15s_S60W120_surface.tif","-120","-105","-75","-60","-112.5","-67.5"
"ETOPO_2022_v1_15s_S60W135_surface","Assets/Map/Textures/etopo15normcomp/ETOPO_2022_v1_15s_S60W135_surface.tif","-135","-120","-75","-60","-127.5","-67.5"
"ETOPO_2022_v1_15s_S60W150_surface","Assets/Map/Textures/etopo15normcomp/ETOPO_2022_v1_15s_S60W150_surface.tif","-150","-135","-75","-60","-142.5","-67.5"
"ETOPO_2022_v1_15s_S60W165_surface","Assets/Map/Textures/etopo15normcomp/ETOPO_2022_v1_15s_S60W165_surface.tif","-165","-150","-75","-60","-157.5","-67.5"
"ETOPO_2022_v1_15s_S60W180_surface","Assets/Map/Textures/etopo15normcomp/ETOPO_2022_v1_15s_S60W180_surface.tif","-180","-165","-75","-60","-172.5","-67.5"
"ETOPO_2022_v1_15s_S75E000_surface","Assets/Map/Textures/etopo15normcomp/ETOPO_2022_v1_15s_S75E000_surface.tif","0","15","-90","-75","7.5","-82.5"
"ETOPO_2022_v1_15s_S75E015_surface","Assets/Map/Textures/etopo15normcomp/ETOPO_2022_v1_15s_S75E015_surface.tif","15","30","-90","-75","22.5","-82.5"
"ETOPO_2022_v1_15s_S75E030_surface","Assets/Map/Textures/etopo15normcomp/ETOPO_2022_v1_15s_S75E030_surface.tif","30","45","-90","-75","37.5","-82.5"
"ETOPO_2022_v1_15s_S75E045_surface","Assets/Map/Textures/etopo15normcomp/ETOPO_2022_v1_15s_S75E045_surface.tif","45","60","-90","-75","52.5","-82.5"
"ETOPO_2022_v1_15s_S75E060_surface","Assets/Map/Textures/etopo15normcomp/ETOPO_2022_v1_15s_S75E060_surface.tif","60","75","-90","-75","67.5","-82.5"
"ETOPO_2022_v1_15s_S75E075_surface","Assets/Map/Textures/etopo15normcomp/ETOPO_2022_v1_15s_S75E075_surface.tif","75","90","-90","-75","82.5","-82.5"
"ETOPO_2022_v1_15s_S75E090_surface","Assets/Map/Textures/etopo15normcomp/ETOPO_2022_v1_15s_S75E090_surface.tif","90","105","-90","-75","97.5","-82.5"
"ETOPO_2022_v1_15s_S75E105_surface","Assets/Map/Textures/etopo15normcomp/ETOPO_2022_v1_15s_S75E105_surface.tif","105","120","-90","-75","112.5","-82.5"
"ETOPO_2022_v1_15s_S75E120_surface","Assets/Map/Textures/etopo15normcomp/ETOPO_2022_v1_15s_S75E120_surface.tif","120","135","-90","-75","127.5","-82.5"
"ETOPO_2022_v1_15s_S75E135_surface","Assets/Map/Textures/etopo15normcomp/ETOPO_2022_v1_15s_S75E135_surface.tif","135","150","-90","-75","142.5","-82.5"
"ETOPO_2022_v1_15s_S75E150_surface","Assets/Map/Textures/etopo15normcomp/ETOPO_2022_v1_15s_S75E150_surface.tif","150","165","-90","-75","157.5","-82.5"
"ETOPO_2022_v1_15s_S75E165_surface","Assets/Map/Textures/etopo15normcomp/ETOPO_2022_v1_15s_S75E165_surface.tif","165","180","-90","-75","172.5","-82.5"
"ETOPO_2022_v1_15s_S75W015_surface","Assets/Map/Textures/etopo15normcomp/ETOPO_2022_v1_15s_S75W015_surface.tif","-15","0","-90","-75","-7.5","-82.5"
"ETOPO_2022_v1_15s_S75W030_surface","Assets/Map/Textures/etopo15normcomp/ETOPO_2022_v1_15s_S75W030_surface.tif","-30","-15","-90","-75","-22.5","-82.5"
"ETOPO_2022_v1_15s_S75W045_surface","Assets/Map/Textures/etopo15normcomp/ETOPO_2022_v1_15s_S75W045_surface.tif","-45","-30","-90","-75","-37.5","-82.5"
"ETOPO_2022_v1_15s_S75W060_surface","Assets/Map/Textures/etopo15normcomp/ETOPO_2022_v1_15s_S75W060_surface.tif","-60","-45","-90","-75","-52.5","-82.5"
"ETOPO_2022_v1_15s_S75W075_surface","Assets/Map/Textures/etopo15normcomp/ETOPO_2022_v1_15s_S75W075_surface.tif","-75","-60","-90","-75","-67.5","-82.5"
"ETOPO_2022_v1_15s_S75W090_surface","Assets/Map/Textures/etopo15normcomp/ETOPO_2022_v1_15s_S75W090_surface.tif","-90","-75","-90","-75","-82.5","-82.5"
"ETOPO_2022_v1_15s_S75W105_surface","Assets/Map/Textures/etopo15normcomp/ETOPO_2022_v1_15s_S75W105_surface.tif","-105","-90","-90","-75","-97.5","-82.5"
"ETOPO_2022_v1_15s_S75W120_surface","Assets/Map/Textures/etopo15normcomp/ETOPO_2022_v1_15s_S75W120_surface.tif","-120","-105","-90","-75","-112.5","-82.5"
"ETOPO_2022_v1_15s_S75W135_surface","Assets/Map/Textures/etopo15normcomp/ETOPO_2022_v1_15s_S75W135_surface.tif","-135","-120","-90","-75","-127.5","-82.5"
"ETOPO_2022_v1_15s_S75W150_surface","Assets/Map/Textures/etopo15normcomp/ETOPO_2022_v1_15s_S75W150_surface.tif","-150","-135","-90","-75","-142.5","-82.5"
"ETOPO_2022_v1_15s_S75W165_surface","Assets/Map/Textures/etopo15normcomp/ETOPO_2022_v1_15s_S75W165_surface.tif","-165","-150","-90","-75","-157.5","-82.5"
"ETOPO_2022_v1_15s_S75W180_surface","Assets/Map/Textures/etopo15normcomp/ETOPO_2022_v1_15s_S75W180_surface.tif","-180","-165","-90","-75","-172.5","-82.5"
